{
  "hash": "aa6fcced",
  "configHash": "4440a9fc",
  "lockfileHash": "603bf110",
  "browserHash": "3877747a",
  "optimized": {
    "@angular/common": {
      "src": "../../../../../../node_modules/@angular/common/fesm2022/common.mjs",
      "file": "@angular_common.js",
      "fileHash": "7e5f23dd",
      "needsInterop": false
    },
    "@angular/core": {
      "src": "../../../../../../node_modules/@angular/core/fesm2022/core.mjs",
      "file": "@angular_core.js",
      "fileHash": "370f21aa",
      "needsInterop": false
    },
    "@angular/fire/app": {
      "src": "../../../../../../node_modules/@angular/fire/fesm2022/angular-fire-app.mjs",
      "file": "@angular_fire_app.js",
      "fileHash": "6c5d227d",
      "needsInterop": false
    },
    "@angular/fire/auth": {
      "src": "../../../../../../node_modules/@angular/fire/fesm2022/angular-fire-auth.mjs",
      "file": "@angular_fire_auth.js",
      "fileHash": "6e9c0011",
      "needsInterop": false
    },
    "@angular/fire/firestore": {
      "src": "../../../../../../node_modules/@angular/fire/fesm2022/angular-fire-firestore.mjs",
      "file": "@angular_fire_firestore.js",
      "fileHash": "b14d0867",
      "needsInterop": false
    },
    "@angular/forms": {
      "src": "../../../../../../node_modules/@angular/forms/fesm2022/forms.mjs",
      "file": "@angular_forms.js",
      "fileHash": "a201fa0a",
      "needsInterop": false
    },
    "@angular/platform-browser": {
      "src": "../../../../../../node_modules/@angular/platform-browser/fesm2022/platform-browser.mjs",
      "file": "@angular_platform-browser.js",
      "fileHash": "07774ecf",
      "needsInterop": false
    },
    "@angular/router": {
      "src": "../../../../../../node_modules/@angular/router/fesm2022/router.mjs",
      "file": "@angular_router.js",
      "fileHash": "84751963",
      "needsInterop": false
    },
    "@ionic/angular/standalone": {
      "src": "../../../../../../node_modules/@ionic/angular/fesm2022/ionic-angular-standalone.mjs",
      "file": "@ionic_angular_standalone.js",
      "fileHash": "456c7cb4",
      "needsInterop": false
    },
    "zone.js": {
      "src": "../../../../../../node_modules/zone.js/fesm2015/zone.js",
      "file": "zone__js.js",
      "fileHash": "fdb1d5a3",
      "needsInterop": true
    },
    "rxjs": {
      "src": "../../../../../../node_modules/rxjs/dist/esm5/index.js",
      "file": "rxjs.js",
      "fileHash": "af3c47b6",
      "needsInterop": false
    }
  },
  "chunks": {
    "keyboard-GZWZHSMN": {
      "file": "keyboard-GZWZHSMN.js"
    },
    "index7-JOETGH2H": {
      "file": "index7-JOETGH2H.js"
    },
    "status-tap-O6MXM2KC": {
      "file": "status-tap-O6MXM2KC.js"
    },
    "input-shims-XQSIYO2Y": {
      "file": "input-shims-XQSIYO2Y.js"
    },
    "focus-visible-62F5E5XD": {
      "file": "focus-visible-62F5E5XD.js"
    },
    "chunk-3CU7HAHQ": {
      "file": "chunk-3CU7HAHQ.js"
    },
    "chunk-XYT3GT4U": {
      "file": "chunk-XYT3GT4U.js"
    },
    "chunk-OBLRDU5B": {
      "file": "chunk-OBLRDU5B.js"
    },
    "chunk-NNUHJWZC": {
      "file": "chunk-NNUHJWZC.js"
    },
    "chunk-46L72AKP": {
      "file": "chunk-46L72AKP.js"
    },
    "ios.transition-7XMBFDQU": {
      "file": "ios__transition-7XMBFDQU.js"
    },
    "chunk-AWMZSO3F": {
      "file": "chunk-AWMZSO3F.js"
    },
    "md.transition-DX7FTYDA": {
      "file": "md__transition-DX7FTYDA.js"
    },
    "chunk-CMEY52KC": {
      "file": "chunk-CMEY52KC.js"
    },
    "chunk-YYFZHHP3": {
      "file": "chunk-YYFZHHP3.js"
    },
    "chunk-XE3UO2PZ": {
      "file": "chunk-XE3UO2PZ.js"
    },
    "index3-ONVHB5NQ": {
      "file": "index3-ONVHB5NQ.js"
    },
    "hardware-back-button-76MKT6PK": {
      "file": "hardware-back-button-76MKT6PK.js"
    },
    "chunk-6TWYIV2H": {
      "file": "chunk-6TWYIV2H.js"
    },
    "chunk-T4LZCZMD": {
      "file": "chunk-T4LZCZMD.js"
    },
    "swipe-back-4MWJIYPX": {
      "file": "swipe-back-4MWJIYPX.js"
    },
    "chunk-7KPZ7UTM": {
      "file": "chunk-7KPZ7UTM.js"
    },
    "chunk-CEZR66GK": {
      "file": "chunk-CEZR66GK.js"
    },
    "chunk-KPULKOZU": {
      "file": "chunk-KPULKOZU.js"
    },
    "chunk-XA6OABVU": {
      "file": "chunk-XA6OABVU.js"
    },
    "chunk-M4YKWRR3": {
      "file": "chunk-M4YKWRR3.js"
    },
    "chunk-QBUGH2A4": {
      "file": "chunk-QBUGH2A4.js"
    },
    "chunk-XLGHKWVZ": {
      "file": "chunk-XLGHKWVZ.js"
    },
    "chunk-7GOMNM2H": {
      "file": "chunk-7GOMNM2H.js"
    },
    "chunk-VALSKAPY": {
      "file": "chunk-VALSKAPY.js"
    },
    "chunk-WUNM6YPQ": {
      "file": "chunk-WUNM6YPQ.js"
    },
    "chunk-WQ5CZGEH": {
      "file": "chunk-WQ5CZGEH.js"
    },
    "chunk-EGSMBJJY": {
      "file": "chunk-EGSMBJJY.js"
    }
  }
}