{
  "hash": "3141bd86",
  "configHash": "663fc530",
  "lockfileHash": "1c263f62",
  "browserHash": "d2b7030f",
  "optimized": {
    "@angular/common": {
      "src": "../../../../../node_modules/@angular/common/fesm2022/common.mjs",
      "file": "@angular_common.js",
      "fileHash": "74a9dc5c",
      "needsInterop": false
    },
    "@angular/core": {
      "src": "../../../../../node_modules/@angular/core/fesm2022/core.mjs",
      "file": "@angular_core.js",
      "fileHash": "3c117903",
      "needsInterop": false
    },
    "@angular/fire/app": {
      "src": "../../../../../node_modules/@angular/fire/fesm2022/angular-fire-app.mjs",
      "file": "@angular_fire_app.js",
      "fileHash": "8dfddaad",
      "needsInterop": false
    },
    "@angular/fire/auth": {
      "src": "../../../../../node_modules/@angular/fire/fesm2022/angular-fire-auth.mjs",
      "file": "@angular_fire_auth.js",
      "fileHash": "d141bb41",
      "needsInterop": false
    },
    "@angular/fire/firestore": {
      "src": "../../../../../node_modules/@angular/fire/fesm2022/angular-fire-firestore.mjs",
      "file": "@angular_fire_firestore.js",
      "fileHash": "2c6798f4",
      "needsInterop": false
    },
    "@angular/forms": {
      "src": "../../../../../node_modules/@angular/forms/fesm2022/forms.mjs",
      "file": "@angular_forms.js",
      "fileHash": "bc193835",
      "needsInterop": false
    },
    "@angular/platform-browser": {
      "src": "../../../../../node_modules/@angular/platform-browser/fesm2022/platform-browser.mjs",
      "file": "@angular_platform-browser.js",
      "fileHash": "cd1a0bb8",
      "needsInterop": false
    },
    "@angular/router": {
      "src": "../../../../../node_modules/@angular/router/fesm2022/router.mjs",
      "file": "@angular_router.js",
      "fileHash": "fe626e47",
      "needsInterop": false
    },
    "@capacitor/core": {
      "src": "../../../../../node_modules/@capacitor/core/dist/index.js",
      "file": "@capacitor_core.js",
      "fileHash": "0dda2b6f",
      "needsInterop": false
    },
    "@capacitor/push-notifications": {
      "src": "../../../../../node_modules/@capacitor/push-notifications/dist/esm/index.js",
      "file": "@capacitor_push-notifications.js",
      "fileHash": "67337980",
      "needsInterop": false
    },
    "@ionic/angular/standalone": {
      "src": "../../../../../node_modules/@ionic/angular/fesm2020/ionic-angular-standalone.mjs",
      "file": "@ionic_angular_standalone.js",
      "fileHash": "5f3038c1",
      "needsInterop": false
    },
    "ionicons": {
      "src": "../../../../../node_modules/ionicons/dist/index.js",
      "file": "ionicons.js",
      "fileHash": "2737651e",
      "needsInterop": false
    },
    "ionicons/icons": {
      "src": "../../../../../node_modules/ionicons/icons/index.mjs",
      "file": "ionicons_icons.js",
      "fileHash": "9d9b6d4b",
      "needsInterop": false
    },
    "rxjs": {
      "src": "../../../../../node_modules/rxjs/dist/esm5/index.js",
      "file": "rxjs.js",
      "fileHash": "1e492fa0",
      "needsInterop": false
    },
    "rxjs/operators": {
      "src": "../../../../../node_modules/rxjs/dist/esm5/operators/index.js",
      "file": "rxjs_operators.js",
      "fileHash": "eb2c8423",
      "needsInterop": false
    }
  },
  "chunks": {
    "focus-visible-VXONKETG": {
      "file": "focus-visible-VXONKETG.js"
    },
    "md.transition-57U5Q7JC": {
      "file": "md__transition-57U5Q7JC.js"
    },
    "index3-OST6RBBP": {
      "file": "index3-OST6RBBP.js"
    },
    "hardware-back-button-VOOHF7SG": {
      "file": "hardware-back-button-VOOHF7SG.js"
    },
    "swipe-back-ERILY5GC": {
      "file": "swipe-back-ERILY5GC.js"
    },
    "keyboard2-MWRCHLF4": {
      "file": "keyboard2-MWRCHLF4.js"
    },
    "index9-7TDHIYLX": {
      "file": "index9-7TDHIYLX.js"
    },
    "status-tap-DQPHBVB3": {
      "file": "status-tap-DQPHBVB3.js"
    },
    "input-shims-AONCKOS5": {
      "file": "input-shims-AONCKOS5.js"
    },
    "chunk-6O2H3FQF": {
      "file": "chunk-6O2H3FQF.js"
    },
    "chunk-6K6ICZTA": {
      "file": "chunk-6K6ICZTA.js"
    },
    "chunk-WPRENEUT": {
      "file": "chunk-WPRENEUT.js"
    },
    "chunk-VIOVGAV2": {
      "file": "chunk-VIOVGAV2.js"
    },
    "chunk-SNNZNKXU": {
      "file": "chunk-SNNZNKXU.js"
    },
    "chunk-2BMECKLY": {
      "file": "chunk-2BMECKLY.js"
    },
    "chunk-GAKCK4IL": {
      "file": "chunk-GAKCK4IL.js"
    },
    "chunk-NSORSPZR": {
      "file": "chunk-NSORSPZR.js"
    },
    "chunk-VYNSJZKU": {
      "file": "chunk-VYNSJZKU.js"
    },
    "ios.transition-U2IWUUUE": {
      "file": "ios__transition-U2IWUUUE.js"
    },
    "chunk-OCVSURPA": {
      "file": "chunk-OCVSURPA.js"
    },
    "chunk-ETHHOL5G": {
      "file": "chunk-ETHHOL5G.js"
    },
    "chunk-NGDOZIFP": {
      "file": "chunk-NGDOZIFP.js"
    },
    "chunk-R3LVCYXH": {
      "file": "chunk-R3LVCYXH.js"
    },
    "chunk-REPSWCQI": {
      "file": "chunk-REPSWCQI.js"
    },
    "chunk-22IBEN66": {
      "file": "chunk-22IBEN66.js"
    },
    "chunk-VVSJGTKK": {
      "file": "chunk-VVSJGTKK.js"
    },
    "chunk-TV23IZ33": {
      "file": "chunk-TV23IZ33.js"
    },
    "chunk-I6GMFT3Z": {
      "file": "chunk-I6GMFT3Z.js"
    },
    "chunk-TJ4YXLGN": {
      "file": "chunk-TJ4YXLGN.js"
    },
    "chunk-2GHU6MBA": {
      "file": "chunk-2GHU6MBA.js"
    },
    "chunk-I24HLCQ6": {
      "file": "chunk-I24HLCQ6.js"
    },
    "chunk-APEDA45P": {
      "file": "chunk-APEDA45P.js"
    },
    "chunk-4KELDWC5": {
      "file": "chunk-4KELDWC5.js"
    },
    "chunk-4TDTJOBO": {
      "file": "chunk-4TDTJOBO.js"
    },
    "chunk-EGSMBJJY": {
      "file": "chunk-EGSMBJJY.js"
    }
  }
}