[
	{
		"car_id": "car_001",
		"brand": "Peugeot",
		"model": "208",
		"year": 2020,
		"license": "AB-123-CD",
		"possible_repairs": [
			
			{"name": "Frein", "duration": 7.0, "price": 35.0},
			{"name": "Vidange", "duration": 4.0, "price": 50.0}
		]
	},
	
		{
		"car_id": "car_001",
		"brand": "Sprinter",
		"model": "312",
		"year": 2020,
		"license": "AB-123-CD",
		"possible_repairs": [
			
			{"name": "Amortisseur", "duration": 7.0, "price": 35.0},
			{"name": "Embrayage", "duration": 4.0, "price": 50.0}
		]
	},

]
